date,Exxon Mobil,Procter & Gamble,Pfizer,Walmart ,Intel,30 Day T-Bill
1/31/73,0.082857139,-0.021165919,-0.023323616,-0.141304344,0.010050251,0.00441
2/28/73,-0.046701849,-0.017241379,0.015761195,0.046413504,-0.139303476,0.004277
3/30/73,0.055944055,-0.05497076,-0.026548672,-0.266129047,0.06936416,0.00475
4/30/73,0.019867551,-0.009752476,-0.042424243,-0.016483517,0.086486489,0.005002
5/31/73,-0.014805196,-0.021329988,0.064177215,-0.016759777,-0.104477614,0.005098
6/29/73,0.049267642,0.06666667,0.116417907,-0.3125,0.13333334,0.005379
7/31/73,-0.027918782,0.092067309,0.056149732,0.586776853,0.625,0.00654
8/31/73,-0.060313325,-0.129281774,-0.057518989,-0.117708333,0.117647059,0.006855
9/28/73,0.045007031,0.005076142,-0.032345012,0.059171598,0.234817818,0.006749
10/31/73,0.017496636,0.046212122,0.086350977,0.05027933,0.144262299,0.006856
11/30/73,-0.037037037,-0.078787878,-0.118564099,-0.340425521,-0.240687683,0.005529
12/31/73,0.048746519,-0.031578947,0.005847953,-0.137096778,0.188679248,0.006961
1/31/74,-0.081009299,-0.02228261,-0.119186044,0.420560747,0.139682546,0.006274
2/28/74,-0.020520244,-0.015363129,0.01980198,-0.118421055,0.155988857,0.005819
3/29/74,-0.026905829,0.004255319,-0.03119741,-0.064179108,-0.163855419,0.005677
4/30/74,-0.050691243,0.064406782,-0.087248325,0.008,0.162824214,0.007949
5/31/74,-0.047249205,0.045333333,0.042352941,0.079365082,0.148698881,0.007235
6/28/74,-0.03275862,0.017857144,0.035460994,0.14705883,-0.148867309,0.006892
7/31/74,0.067736186,-0.044360902,-0.205479458,0,-0.448669195,0.006756
8/30/74,-0.085141905,-0.127799734,-0.148620695,-0.150641024,-0.151724145,0.00594
9/30/74,-0.126394048,-0.117824771,-0.06122449,-0.144150943,-0.390243888,0.007997
10/31/74,0.165957451,0.194520548,0.391304344,-0.123893805,0.613333344,0.005254
11/29/74,-0.061313882,-0.046109509,0.01140625,-0.191919193,-0.11570248,0.005139
12/31/74,0.029880479,-0.01510574,0.023346303,-0.050000001,-0.140186921,0.007009
1/31/75,0.13152805,0.12730062,-0.136882126,0.578947365,0.336956531,0.005387
2/28/75,0.075213678,0.032831736,0.207048461,-0.058333334,0.463414639,0.004326
3/31/75,-0.043618739,0.014569537,-0.052846715,0.418053091,0.183333337,0.004014
4/30/75,0.094594598,0,-0.003875969,-0.143749997,0.244131461,0.004489
5/30/75,0.097222224,0.018372703,0.072062254,0.226277366,0.04528302,0.004869
6/30/75,0.055634808,0.011597938,-0.02189781,0.162142858,0.018050542,0.004133
7/31/75,-0.059459459,-0.082802549,-0.190298513,0.005128205,-0.120567374,0.004811
8/29/75,0.011494253,-0.055865921,0,-0.040816326,0.112903222,0.004815
9/30/75,0.008645534,-0.01775148,-0.075944699,0.043829788,0.083333336,0.005575
10/31/75,0.018571429,0.075301208,0.160804018,0.153061226,-0.026755853,0.005185
11/28/75,-0.021037867,0.047887325,-0.030649351,0.061946902,0.020618556,0.004127
12/31/75,0.031976745,-0.043010753,-0.004504505,-0.123666666,-0.013468013,0.004983
1/30/76,0.025352113,0.039325844,0.07692308,0.03809524,0.170648471,0.004402
2/27/76,-0.028846154,-0.077445649,-0.096638657,0.110091746,0.093294464,0.003452
3/31/76,0.077474892,0.066273935,0.119441859,0.083966941,0.170666665,0.004344
4/30/76,0.003994674,-0.013259669,-0.087866105,-0.122137405,-0.033029612,0.00444
5/28/76,0.085145891,-0.004225352,0.02293578,-0.043478262,-0.014134276,0.004124
6/30/76,0.03717472,0.073550209,0.056860987,0.001454545,-0.021505376,0.004446
7/30/76,0.015531661,0.017654808,-0.021367522,-0.127272725,-0.036630038,0.00439
8/31/76,0.008470588,-0.009114583,-0.005414847,0.229166672,-0.068441063,0.004745
9/30/76,0.04964539,0.015768725,0.07079646,0.052203391,-0.008163265,0.003924
10/29/76,-0.054054055,-0.011125485,-0.016528925,-0.080645159,-0.098765433,0.004092
11/30/76,-0.012857143,-0.014473684,-0.110252097,0.078947365,0.036529679,0.00444
12/31/76,0.048899755,0,0.119047619,0.009756098,0.052863438,0.003579
1/31/77,-0.002331002,-0.073164217,-0.080851063,-0.104838707,-0.100418411,0.003594
2/28/77,-0.03504673,-0.043541364,0.023148147,-0.018018018,0.009302326,0.003499
3/31/77,-0.002457002,-0.040971167,0.026787328,0.020183487,-0.129032254,0.003769
4/29/77,0.017241379,-0.010759494,-0.079999998,-0.135135129,-0.105820104,0.004114
5/31/77,0.004842615,-0.043548387,-0.019710148,0.104166664,0.023668639,0.003855
6/30/77,0.046454769,0.080944352,0.034825869,0.097735852,0.150289014,0.003716
7/29/77,-0.03504673,0.003432137,0.004807692,0.00862069,0,0.003873
8/31/77,-0.046004843,0.081504703,0.014354067,0.05982906,-0.050251257,0.004993
9/30/77,-0.005154639,-0.013043478,0.018490566,0.099677421,0.042328041,0.00433
10/31/77,-0.023316063,-0.018795889,-0.07009346,-0.007352941,-0.111675128,0.004943
11/30/77,0.00265252,0.030165913,0.116381913,0.098962963,0.057142857,0.004959
12/30/77,0.034946237,0.005856515,-0.004545454,0.094594598,-0.010810811,0.0047
1/31/78,-0.049350649,-0.073944688,-0.00913242,-0.061728396,-0.010928961,0.005374
2/28/78,-0.020765027,-0.026941363,-0.036129031,0.019736841,-0.121546961,0.004941
3/31/78,0.014204546,-0.034201954,0.067632847,-0.029419355,0.062893085,0.005017
4/28/78,0.056022409,0.150084317,0.085972853,0.239999995,0.236686394,0.005712
5/31/78,0.009018568,0.013313609,0.097500004,0.032258064,0.066985644,0.005317
6/30/78,-0.061497327,0.004379562,0.026819924,-0.02375,0.071748883,0.005369
7/31/78,0.05982906,0.059593022,0.063432835,0.04812834,0.124476984,0.005591
8/31/78,0.080107525,-0.035961274,-0.002105263,0.112244897,0.046511628,0.00555
9/29/78,0.050632913,-0.00143472,0.003546099,0.020366972,-0.026666667,0.005964
10/31/78,-0.074698798,-0.043103449,-0.091872789,-0.180180177,-0.1369863,0.007498
11/30/78,0.041145835,0.039393939,0.017120622,0.010989011,0.052910052,0.007041
12/29/78,0,0.036443148,0.019305019,-0.008478261,0.010050251,0.007372
1/31/79,0.040712468,-0.040787622,-0.045454547,-0.005494506,0.089552239,0.007882
2/28/79,-0.019070905,-0.03846154,-0.043650795,0.022099448,0.045662101,0.007324
3/30/79,0.071065992,-0.003076923,0.064896263,0.051891893,0.131004363,0.008928
4/30/79,0.007109005,-0.001851852,-0.05511811,0.046391752,0.025096525,0.008489
5/31/79,-0.046588235,0.0078125,0.002666667,0.004926108,0.050847456,0.008161
6/29/79,0.082914576,-0.046511628,0.029411765,-0.006862746,0.112903222,0.007858
7/31/79,0.016241299,-0.024715446,0.01632653,0.029702971,-0.028985508,0.00841
8/31/79,0.043378994,0.080944352,0.139116466,0.320192307,0.139303476,0.007506
9/28/79,0.051224943,-0.035881434,-0.017793594,-0.069343068,0.091703057,0.007732
10/31/79,-0.025423728,-0.027831715,0,-0.074509807,-0.004,0.009621
11/30/79,0.027826069,-0.003367003,0.168985501,0.186440676,0.108433738,0.009878
12/31/79,-0.049568966,0.003378378,-0.018750001,-0.005,-0.014492754,0.010209
1/31/80,0.104308389,-0.017171716,-0.044585988,0.025179856,0.007352941,0.007968
2/29/80,0.093634501,-0.012131716,-0.016666668,-0.101754382,0.05109489,0.010654
3/31/80,-0.114722751,-0.049122807,0.033491526,-0.106250003,-0.135416672,0.012009
4/30/80,0.049676027,0.067896679,0.023178808,0.140350878,-0.008032128,0.012865
5/30/80,0.074897103,0.089160837,0.074045308,0.053846154,0.109311745,0.007883
6/30/80,0.03515625,-0.052969504,0.003039514,0.123357661,-0.032846715,0.006312
7/31/80,0.050943397,0.104406781,0.039393939,0.143322483,0.283018857,0.005281
8/29/80,0.025493717,-0.024844721,-0.040816326,0.101994298,0.030882353,0.005973
9/30/80,-0.003571429,-0.089171976,0.121215805,0.03626943,0.018544937,0.008698
10/31/80,0.091397852,-0.040909093,-0.032786883,0.01,-0.056022409,0.008912
11/28/80,0.17405583,0.040665433,0.126779661,0.113861389,0.109792285,0.008895
12/31/80,-0.082503557,-0.021314388,0.080808081,0.077333331,-0.133689836,0.014149
1/30/81,-0.035658915,-0.013430127,-0.056074765,-0.008264462,-0.077160493,0.009957
2/27/81,-0.05466238,0.065298505,-0.001980198,0.054166667,-0.060200669,0.010685
3/31/81,-0.046875,-0.012259195,0.085000001,0.156205535,0.035587188,0.013157
4/30/81,-0.001821494,0.031205673,0.004608295,0.05821918,0.041237112,0.010756
5/29/81,-0.032846715,-0.017421603,-0.029357798,0.003236246,0.085808583,0.010646
6/30/81,0.057915058,0.074468084,-0.085714288,-0.017677419,-0.121580549,0.015158
7/31/81,0.02189781,-0.028712871,-0.020833334,-0.02631579,-0.062283736,0.011915
8/31/81,-0.050000001,-0.04475043,-0.02606383,-0.035405405,-0.16974169,0.012804
9/30/81,-0.042307694,0.063063063,-0.044077136,0.059649121,-0.13333334,0.012794
10/30/81,-0.024096385,0.075254224,0.048991356,0.052980132,0.174358979,0.011685
11/30/81,0.102880657,0.025559105,0.148901105,0.103773586,-0.122270741,0.01103
12/31/81,-0.045801528,0.001557632,0.026506023,-0.02985755,-0.099502489,0.008738
1/29/82,-0.02,0.073716938,0.050892018,-0.002941177,0.154696137,0.007306
2/26/82,-0.036734693,-0.023460411,0.002252252,-0.020648967,-0.019138755,0.009176
3/31/82,-0.021739131,-0.006006006,-0.076404497,0.104578309,0.126829267,0.011077
4/30/82,0.004444445,0.047432013,0.087591238,0.136612028,0.095238097,0.01129
5/28/82,0.017699115,-0.020437956,-0.034272932,-0.060096152,-0.035573121,0.009592
6/30/82,-0.008928572,-0.010432191,0.03271028,0.083682865,0.028688524,0.01071
7/30/82,-0.063063063,0.038252998,0.017375566,0.030732861,0.031872511,0.01021
8/31/82,0.125,0.117474303,0.125560537,0.15302752,0.138996139,0.008342
9/30/82,-0.01754386,0.03022339,0.107569724,0.131474108,-0.108474575,0.005118
10/29/82,0.058035713,0.093622439,0.025179856,0.105633803,0.129277572,0.005475
11/30/82,-0.029535865,0.120141342,0.034526315,0.207006365,0.030303031,0.007201
12/31/82,0.0625,-0.005257624,-0.059726961,0.053720318,0.013071896,0.006289
1/31/83,0.012605042,-0.038477801,0.002976406,-0.05764411,0.109677419,0.006864
2/28/83,-0.004149378,0.015555556,0.02189781,0.047872342,0.08139535,0.006186
3/31/83,0.055555556,0.063457333,0.08214286,0.176548228,0.03763441,0.006326
4/29/83,0.145748988,-0.000411522,0.085808583,0.064794816,0.025906736,0.006918
5/31/83,-0.024734983,-0.103950106,-0.058297873,0.166328594,0.156565651,0.007584
6/30/83,0,0.023201857,0.139837399,0.089669563,0.301310033,0.006661
7/29/83,0.062962964,-0.050340135,-0.108930103,0.047923323,0.080536909,0.006917
8/31/83,0.081533104,0.033816423,-0.012903226,-0.038780488,0.018633541,0.008342
9/30/83,-0.039473683,0.039719626,0.039215688,0.03809524,0.006097561,0.007607
10/31/83,0.047945205,0.008539326,-0.028301887,-0.039755352,-0.084848486,0.007433
11/30/83,0.007843138,0.067567565,-0.034563106,0.073248409,0.105960265,0.007199
12/30/83,-0.009933775,-0.040084388,-0.033783782,-0.073353119,0.005988024,0.007039
1/31/84,0.063545153,-0.101538464,-0.001258741,-0.089743592,-0.125,0.008083
2/29/84,-0.011320754,-0.066831686,0.056537103,-0.095070422,0.013605442,0.007328
3/30/84,0.003246753,0.023872679,-0.090301007,0.036653697,-0.033557046,0.00728
4/30/84,0.103559874,-0.005699481,-0.011029412,0.067669176,-0.027777778,0.00813
5/31/84,-0.044574779,0.039577838,-0.042230483,0.045774646,-0.117857143,0.007898
6/29/84,0.021943573,0.063451774,0.027450981,0.112525254,-0.020242915,0.007534
7/31/84,-0.058282208,0.017183771,-0.00519084,-0.012121212,0.008264462,0.008755
8/31/84,0.142671004,0.064133018,0.112403102,0.084110431,0.180327863,0.007963
9/28/84,0.040697675,-0.002232143,-0.020905923,-0.028328612,-0.138888896,0.008293
10/31/84,-0.022346368,0.04966443,0.081850536,-0.017492712,-0.104838707,0.009766
11/30/84,0.008,-0.004310345,0.035,-0.053412464,0.027027028,0.007334
12/31/84,0.040462427,-0.012987013,0.083333336,-0.048840124,-0.01754386,0.006923
1/31/85,0.06666667,-0.001754386,-0.056331363,0.201320127,0.098214284,0.006474
2/28/85,0.007291667,0.011111111,0.018987341,0,-0.089430891,0.006033
3/29/85,0.057894737,-0.024175825,0.065217391,-0.017692307,-0.008928572,0.00616
4/30/85,0.024875622,-0.049099099,0.037900876,0.050420169,-0.009009009,0.007565
5/31/85,0.065048546,0.033573143,0.131910115,0.11733333,-0.040909089,0.006062
6/28/85,-0.002314815,0.044083528,-0.01,0.044295944,-0.014218009,0.005546
7/31/85,-0.025522042,0.029333333,-0.01777778,-0.093821511,0.086538464,0.006196
8/30/85,0.020952381,0.004366812,-0.002590674,0.046868686,-0.079646021,0.005792
9/30/85,-0.016587678,-0.019565217,-0.015584416,-0.077294685,-0.009615385,0.006049
10/31/85,0.060240965,0.135698453,-0.034300793,0.109947644,-0.009708738,0.006021
11/29/85,-0.013181819,0.059171598,0.174754098,0.117924526,0.117647059,0.006156
12/31/85,0.032786883,0.039106146,-0.051522247,0.077130802,0.02631579,0.006139
1/31/86,-0.06122449,-0.04623656,-0.036345679,0.007843138,-0.034188036,0.004865
2/28/86,0.02705314,0.047438331,0.144702837,0.058365759,-0.017699115,0.005296
3/31/86,0.066985644,0.067028984,0.08577878,0.159338236,-0.063063063,0.005963
4/30/86,0.015695067,0.007470289,-0.014553014,0.028571429,0.096153848,0.005341
5/30/86,0.073289186,0.05952381,0.068101265,0.182098761,-0.043859649,0.004934
6/30/86,0.016701462,0.028892456,0.137176946,0.084438644,-0.155963302,0.005246
7/31/86,-0.002053388,-0.025897035,-0.060699299,-0.103614457,-0.206521735,0.005011
8/29/86,0.148559675,0.033925686,0.018726591,0.011666667,0.260273963,0.004614
9/30/86,-0.023593467,-0.153125003,-0.14705883,-0.106382981,-0.152173907,0.004783
10/31/86,0.011152416,0.116974168,0.030172413,0.068452381,0.03846154,0.004209
11/28/86,0.031617645,0.036666665,0.027782427,0.061281338,0.135802463,0.003924
12/31/86,0.012635379,-0.017684888,0,-0.022729659,-0.086956523,0.004767
1/30/87,0.180035651,0.161047459,0.118032783,0.043010753,0.488095224,0.004151
2/27/87,-0.041993957,-0.014204546,0.07564576,0.128865972,0.216000006,0.004309
3/31/87,0.094098881,0.06051873,-0.006861064,0.0513242,0.032894738,0.005012
4/30/87,0.010204081,-0.071467392,-0.025906736,-0.015217391,0.197452232,0.004285
5/29/87,0.014718615,0.079646021,-0.069858156,0.033112582,-0.066489361,0.00376
6/30/87,0.071839079,0.071038254,0.105566218,0.157008544,0.002849003,0.005031
7/31/87,0.009383378,-0.042857144,0.032291666,0.101663589,0.085227273,0.004058
8/31/87,0.069057107,0.104697987,-0.042301185,0.088053688,0.104712039,0.004744
9/30/87,-0.023839397,-0.018226003,-0.021201413,-0.064814813,0.094786733,0.00482
10/30/87,-0.12339332,-0.119554453,-0.240072206,-0.270627052,-0.324675322,0.00604
11/30/87,-0.126099706,-0.077903681,-0.114964373,-0.131221727,-0.173076928,0.003366
12/31/87,0.037414964,0.049155146,0.010840109,0.084583335,0.232558146,0.002988
1/29/88,0.101639345,0.002342606,0.171581775,0.052884616,-0.03773585,0.002762
2/29/88,0.026785715,-0.00736377,0.004576659,0.073059358,0.107843138,0.004564
3/31/88,-0.014662757,-0.075667657,0.013793103,-0.041191489,0.039823011,0.004402
4/29/88,0.068452381,-0.000642055,-0.002267574,-0.013333334,0.055319149,0.004577
5/31/88,0.015041783,-0.009724474,-0.043181818,0.018018018,-0.008064516,0.005051
6/30/88,0.008333334,0.014729951,-0.009592326,0.085486725,0.174796745,0.004832
7/29/88,0.044077136,-0.021612903,0.004842615,0.073469386,-0.038062282,0.00506
8/31/88,-0.006860158,-0.006655574,-0.01216545,-0.086235739,-0.194244608,0.005957
9/30/88,-0.03763441,0.072026804,0.071428575,0.075000003,-0.017857144,0.006145
10/31/88,0,0.041562501,0.050574712,-0.027131783,-0.100000001,0.006074
11/30/88,-0.021229049,-0.009077156,0.002188184,-0.035856575,-0.181818187,0.005742
12/30/88,0.01734104,0.06259542,0.022026431,0.038512398,0.172839507,0.006306
1/31/89,0.053977273,0.068103448,0.003017242,0.075697213,0.094736844,0.005766
2/28/89,-0.042048518,-0.037991859,-0.043383949,-0.055555556,-0.009615385,0.00611
3/31/89,0,0.043723553,0.043083899,0.021333333,0.019417476,0.006213
4/28/89,-0.017094018,0.042432431,0.076086953,0.107692309,0.104761906,0.00681
5/31/89,0.012753624,0.074509807,-0.005252525,0.052083332,0.120689653,0.008006
6/30/89,0.020289855,0.054744527,-0.059426229,0.008052805,-0.107692309,0.007147
7/31/89,0.039772727,0.108881198,0.142483667,0.134426236,0.05172414,0.00704
8/31/89,-0.030601092,0.07643979,0.065384619,-0.02184971,-0.016393442,0.006684
9/29/89,0.022857143,-0.066147856,-0.009025271,-0.029585799,0.075000003,0.006387
10/31/89,0.027932961,0.083541669,-0.014571949,0.012195121,0.046511628,0.00682
11/30/89,0.040217392,0.002904163,0.104251385,0.051204819,0.029629629,0.00634
12/29/89,0.05820106,0.084942088,-0.062394604,0.02991404,-0.007194245,0.005941
1/31/90,-0.059999999,-0.082562275,-0.01438849,-0.050139274,0.144927531,0.005852
2/28/90,0.012765958,-0.001953125,-0.129927009,0.032258064,0.018987341,0.005818
3/30/90,-0.018617021,0.060665362,0.027542373,0.075454548,0.037267081,0.00638
4/30/90,-0.01897019,0.049077492,-0.063917525,0.050264549,-0.053892214,0.006829
5/31/90,0.074033149,0.169911504,0.171365634,0.136020154,0.221518993,0.006404
6/29/90,-0.002604167,0.054462936,-0.026565464,0.107671842,-0.025906736,0.005898
7/31/90,0.083550915,0.000860832,0.181286544,0.006012024,-0.05319149,0.006704
8/31/90,-0.024578312,-0.112391934,-0.054785479,-0.090517931,-0.25,0.006154
9/28/90,-0.02,-0.053571429,-0.00528169,-0.043859649,-0.003745318,0.005984
10/31/90,0,0.085763291,0.030088495,-0.018348623,0.007518797,0.006559
11/30/90,0.046836734,0.054054055,0.118213058,0.126168221,0.119402982,0.005651
12/31/90,0.022222223,0.04524887,0,0.005311203,0.026666667,0.005989
1/31/91,-0.002415459,-0.079365082,0.113003097,0.090909094,0.188311681,0.004637
2/28/91,0.080774821,0.025236594,0.17563282,0.071969695,0.043715846,0.004767
3/28/91,0.06122449,0.047692306,0.01904762,0.096607774,-0.020942409,0.004391
4/30/91,0.017094018,-0.008810572,0.018691588,0.045161292,0.053475935,0.005335
5/31/91,-0.009747899,0.01490313,0.086330272,0.058641974,0.131979689,0.004461
6/28/91,-0.002145923,-0.091042586,-0.057324842,-0.001924198,-0.165919289,0.004171
7/31/91,0.021505376,0.050080776,0.114864863,0.114035085,0.010752688,0.00484
8/30/91,-0.007663158,0.034055728,0.063919194,0.063884512,0.05319149,0.00461
9/30/91,0.021459227,0.016467066,-0.005725191,-0.056790125,-0.146464646,0.004558
10/31/91,0.025210084,-0.008836525,0.09980806,-0.031413611,-0.03846154,0.004246
11/29/91,-0.02795082,-0.031390134,-0.068691097,0.056756757,0.009230769,0.003915
12/31/91,0.038379531,0.158950612,0.265536726,0.20547314,0.195121944,0.003792
1/31/92,-0.043121152,0.110519305,-0.130952388,-0.084925689,0.221938774,0.003059
2/28/92,-0.007811158,-0.020481927,0.025616439,0.002320186,0.060542796,0.002828
3/31/92,-0.041575491,0.006150062,-0.067114092,-0.012916666,-0.129921257,0.003376
4/30/92,0.09589041,0.015158924,0.028776979,-0.018779343,-0.03167421,0.003303
5/29/92,0.022416668,-0.004842615,0.048881117,0.014354067,-0.065420561,0.002758
6/30/92,0.020618556,-0.104622871,-0.021775544,0.015141509,0.140000001,0.003201
7/31/92,0.026262626,0.106521741,0.073630139,0.039534885,0.048245613,0.002892
8/31/92,0.023149606,-0.074074075,-0.009633174,0.022371365,-0.029288704,0.002605
9/30/92,-0.005836576,0.053333335,-0.032362461,0.035929978,0.133620694,0.002573
10/30/92,-0.04109589,0.076455697,0.011705685,0.029598309,0.028136883,0.002286
11/30/92,-0.016816325,0.026004728,0.037950411,0.057494868,0.059259258,0.002346
12/31/92,0.027310925,-0.011520738,-0.071999997,-0.005009709,0.216783211,0.00227
1/29/93,0,-0.067132868,-0.089655176,0.017578125,0.228160918,0.002335
2/26/93,0.052678935,0.045226131,-0.109166667,-0.001919386,0.091334894,0.002209
3/31/93,0.03929273,-0.040865384,0.066381156,-0.022076923,-0.012875536,0.002538
4/30/93,-0.001890359,-0.009523809,0.096385539,-0.157480314,-0.171956524,0.002372
5/28/93,0.003333334,0,0.057435896,0.042056076,0.165571615,0.002168
6/30/93,0.009541985,0.058524173,-0.066202089,-0.057130046,-0.00789177,0.002756
7/30/93,-0.007561437,-0.056538463,-0.111940302,-0.033333335,-0.049090911,0.002402
8/31/93,0.007161905,-0.007692308,0.065882355,0.016059114,0.229665071,0.00253
9/30/93,0.001912046,-0.018087855,-0.055555556,-0.043689322,0.101167314,0.002356
10/29/93,-0.001908397,0.148631573,0.046218488,0.071065992,-0.105300352,0.00221
11/30/93,-0.029139578,0.046082951,0.075020082,0.086540282,-0.027667984,0.002477
12/31/93,0.005976096,0.004405286,0.037593983,-0.126637548,0.008130081,0.002263
1/31/94,0.053465348,0.049298245,-0.063405797,0.059999999,0.053225808,0.002503
2/28/94,-0.013609022,-0.033613447,-0.095241778,0.070754714,0.053639848,0.00212
3/31/94,-0.030828517,-0.069565214,-0.068965517,-0.086607933,-0.018181818,0.002469
4/29/94,0,0.068878502,0.09259259,-0.024154589,-0.095555559,0.002711
5/31/94,-0.016381709,-0.008791209,0.088474579,-0.069306932,0.024590164,0.00315
6/30/94,-0.071574643,-0.053215079,-0.009803922,0.033723403,-0.064000003,0.003118
7/29/94,0.048458152,0.051053863,-0.017821781,0.030927835,0.013931624,0.002751
8/31/94,0.012100841,0.091928251,0.108387098,-0.0133,0.109704643,0.003687
9/30/94,-0.033613447,-0.02053388,0.012820513,-0.05076142,-0.064638786,0.003659
10/31/94,0.093478262,0.060377359,0.072332732,0.005347594,0.011138211,0.00384
11/30/94,-0.027833002,-0.005964215,0.050185498,-0.008829787,0.016096579,0.003691
12/30/94,0.00621118,-0.008,-0.001615509,-0.086021505,0.011881188,0.00443
1/31/95,0.028806584,0.056048386,0.058252428,0.076470591,0.087045006,0.004156
2/28/95,0.034000002,0.021113243,0.021651376,0.038251366,0.149549544,0.003983
3/31/95,0.043052837,-0.003759399,0.033132531,0.081052631,0.064263321,0.004134
4/28/95,0.043151971,0.059999999,0.010204081,-0.073170729,0.20689249,0.00445
5/31/95,0.037769783,0.02862254,0.023318904,0.047368422,0.096459098,0.005355
6/30/95,-0.010507881,0,0.045390069,0.077386938,0.128062367,0.004714
7/31/95,0.026548672,-0.036173914,0.099050201,-0.004672897,0.027285291,0.004522
8/31/95,-0.04137931,0.007259528,-0.019555556,-0.077934273,-0.055769231,0.004637
9/29/95,0.050909091,0.109909907,0.081012659,0.010204081,-0.018329939,0.004309
10/31/95,0.057093427,0.057142857,0.074941449,-0.12626262,0.160414934,0.004714
11/30/95,0.022913257,0.067901231,0.015424836,0.112138726,-0.128801435,0.004108
12/29/95,0.048465267,-0.040462427,0.086206898,-0.072916664,-0.067761809,0.004882
1/31/96,-0.010785825,0.01686747,0.08730159,-0.084269665,-0.026002202,0.004278
2/29/96,0,-0.023809524,-0.033941604,0.042944785,0.064780764,0.003908
3/29/96,0.025157232,0.033536587,0.020872865,0.084823526,-0.032943677,0.003943
4/30/96,0.042944785,0.001769912,0.024163568,0.038043477,0.191912085,0.004579
5/31/96,0.006352942,0.039940827,0.031578947,0.083769634,0.114391141,0.003982
6/28/96,0.025073746,0.031294454,0.008833922,-0.017294686,-0.027317882,0.004
7/31/96,-0.053237408,-0.010206897,-0.01681261,-0.054187194,0.023659574,0.004497
8/30/96,0.000486322,-0.004201681,0.016100179,0.101145834,0.062396005,0.004122
9/30/96,0.021472393,0.097046413,0.114436619,0,0.195771337,0.004375
10/31/96,0.064564563,0.02,0.045813587,0.004739337,0.151800916,0.004246
11/29/96,0.073794074,0.098484851,0.086706951,-0.03773585,0.154721275,0.003941
12/31/96,0.038410597,-0.010344828,-0.07391911,-0.105784312,0.032019705,0.004404
1/31/97,0.057397958,0.074982576,0.114457831,0.043956045,0.239522666,0.004014
2/28/97,-0.024945717,0.03891892,-0.005783784,0.110526316,-0.125577807,0.003788
3/31/97,0.074812971,-0.044745058,-0.081855386,0.059431281,-0.019383259,0.00431
4/30/97,0.051044084,0.099782132,0.141158983,0.00896861,0.100988321,0.004313
5/30/97,0.053598233,0.096421473,0.076458335,0.062222224,-0.010612245,0.004263
6/30/97,0.033755273,0.024478694,0.160194173,0.13405858,-0.063943893,0.003744
7/31/97,0.048979592,0.080566369,0.000753138,0.1090573,0.295266628,0.004294
8/29/97,-0.041284047,-0.124897286,-0.070230611,-0.053333335,0.003403676,0.004058
9/30/97,0.046986721,0.037558686,0.08455468,0.03359155,0.002035278,0.004576
10/31/97,-0.040975608,-0.011728507,0.180873185,-0.044368602,-0.165551797,0.003911
11/28/97,-0.000447609,0.120404415,0.027042253,0.14464286,0.008116883,0.003773
12/31/97,0.003073771,0.047579985,0.02491409,-0.013915757,-0.095008053,0.004629
1/30/98,-0.030643513,-0.014847298,0.096395642,0.009508716,0.153451964,0.004204
2/27/98,0.081728138,0.082934611,0.084892966,0.163265303,0.10725309,0.003847
3/31/98,0.060784314,-0.005891016,0.126412436,0.09883941,-0.129616722,0.004485
4/30/98,0.080406651,-0.022933334,0.141692787,-0.004920049,0.03561249,0.004308
5/29/98,-0.029461078,0.020532319,-0.077408016,0.090234861,-0.11600928,0.003805
6/30/98,0.012411348,0.085692994,0.036970779,0.103446715,0.037620299,0.004021
7/31/98,-0.015761821,-0.125216201,0.010350776,0.039094649,0.139123097,0.003873
8/31/98,-0.062669039,-0.036220472,-0.152509958,-0.065346532,-0.156565502,0.004012
9/30/98,0.079274118,-0.070261441,0.138627186,-0.072838984,0.204565406,0.003875
10/30/98,0.014159292,0.250931472,0.014775414,0.264302045,0.040087465,0.003353
11/30/98,0.052844677,-0.011980268,0.044868957,0.09049774,0.207175896,0.003233
12/31/98,-0.025,0.042082738,0.116694584,0.082356848,0.101626016,0.003779
1/29/99,-0.039316241,-0.001670089,0.028999999,0.056024559,0.188719034,0.003494
2/26/99,-0.046654806,-0.015130674,0.027463557,0.001453488,-0.148718402,0.003372
3/31/99,0.060093898,0.094273746,0.051634297,0.071552977,-0.00885878,0.004076
4/30/99,0.177147925,-0.03920868,-0.170720726,-0.002033898,0.029442692,0.003784
5/28/99,-0.033438675,-0.004663558,-0.068158612,-0.073369563,-0.115955055,0.003463
6/30/99,-0.034428794,-0.044176705,0.018691588,0.133137837,0.100578032,0.004098
7/30/99,0.029173419,0.018291317,-0.067660548,-0.124352328,0.159663871,0.003658
8/31/99,-0.001133858,0.095928229,0.116752766,0.048816569,0.191557974,0.003876
9/30/99,-0.036450081,-0.055415615,-0.049668875,0.074471086,-0.095817491,0.003705
10/29/99,-0.025493421,0.122079998,0.106271774,0.191852823,0.042052146,0.003581
11/30/99,0.076827005,0.034564957,-0.084598422,0.014332966,-0.009297821,0.003811
12/31/1999,0.01576044,0.009792627,-0.105172411,0.203043476,0.073349632,0.003764
1/31/2000,0.035686579,-0.074660584,0.115606934,-0.207956597,0.201974183,0.004343
2/29/2000,-0.092104867,-0.13048856,-0.109775476,-0.107305937,0.142438412,0.004295
3/31/2000,0.034854773,-0.35704124,0.138132289,0.157237858,0.167588502,0.004377
4/28/2000,-0.003207698,0.063185841,0.152136758,-0.019911505,-0.03884415,0.004595
5/31/2000,0.078069188,0.11297071,0.059999999,0.047404062,-0.016520454,0.004782
6/30/2000,-0.057764441,-0.13909775,0.077138849,-0.005431035,0.07218045,0.003744
7/31/2000,0.019108281,-0.000436681,-0.1015625,-0.046637744,-0.001402525,0.004772
8/31/2000,0.025812499,0.086813189,0.004985507,-0.136518776,0.121947564,0.005002
9/29/2000,0.091883615,0.083923154,0.039017342,0.015757576,-0.444908172,0.005093
10/31/2000,0.000701262,0.071455225,-0.038942978,-0.057142857,0.082706764,0.005217
11/30/2000,-0.00838122,0.048118986,0.028133141,0.150137737,-0.153722227,0.004966
12/29/2000,-0.012073863,0.0475793,0.038081806,0.019113772,-0.210180625,0.004909
1/31/2001,-0.032063246,-0.079649448,-0.018478228,0.069176458,0.230769232,0.005243
2/28/2001,-0.031610202,-0.018652512,-0.00088597,-0.118133791,-0.227500007,0.003653
3/30/2001,-0.000616941,-0.112056762,-0.089999981,0.009582748,-0.078774616,0.00432
4/30/2001,0.093827143,-0.035143759,0.05738702,0.024554489,0.174726829,0.003864
5/31/2001,0.006659159,0.069775164,-0.006928403,0.000193242,-0.125525713,0.003183
6/29/2001,-0.015549313,-0.006849294,-0.066215903,-0.05565219,0.082932241,0.002778
7/31/2001,-0.043846615,0.119122215,0.029213533,0.145491853,0.01914528,0.002999
8/31/2001,-0.033045903,0.044072162,-0.067928188,-0.140429378,-0.061388809,0.002996
9/28/2001,-0.01867995,-0.018341208,0.046724014,0.031633731,-0.268955618,0.00273
10/31/2001,0.001269016,0.018821238,0.044887859,0.038383868,0.194716215,0.002154
11/30/2001,-0.046134327,0.04987802,0.036276843,0.072957195,0.338247329,0.001749
12/31/2001,0.050802074,0.021559492,-0.079889238,0.0447869,-0.037048351,0.001484
1/31/2002,-0.006361323,0.037027717,0.045671262,0.042224158,0.114149444,0.00139
2/28/2002,0.063508324,0.038075425,-0.013918865,0.033844594,-0.184646159,0.001285
3/28/2002,0.061259143,0.062507316,-0.029785093,-0.010240269,0.065148883,0.001341
4/30/2002,-0.083504528,0.00610507,-0.085304558,-0.088743858,-0.05919103,0.001546
5/31/2002,-0.000248889,-0.007866154,-0.044566713,-0.031507377,-0.033904221,0.001442
6/28/2002,0.024793334,0.00542954,0.011560738,0.018207021,-0.338522822,0.001312
7/31/2002,-0.101661779,0.001119763,-0.075714327,-0.105980694,0.028461983,0.001507
8/30/2002,-0.029379696,-0.003820613,0.02658434,0.087433897,-0.111761615,0.001402
9/30/2002,-0.100141071,0.008234582,-0.122732803,-0.077879541,-0.166766629,0.001414
10/31/2002,0.055172421,-0.00581786,0.094762228,0.087530412,0.245500281,0.001334
11/29/2002,0.04070111,-0.044318806,-0.003462379,0.006535991,0.208092496,0.001166
12/31/2002,0.004022971,0.016680513,-0.030447224,-0.06150284,-0.25431034,0.001079
1/31/2003,-0.022610107,0.000465409,-0.001962679,-0.053652726,0.008349397,0.000934
2/28/2003,0.002928226,-0.043356307,-0.01778659,0.005439376,0.100636974,0.000871
3/31/2003,0.027336869,0.087832913,0.044936288,0.084477678,-0.056778651,0.00102
4/30/2003,0.007153076,0.01358782,-0.01315789,0.082452454,0.128378376,0.000939
5/30/2003,0.041193202,0.021925446,0.013658551,-0.065873563,0.134458289,0.000903
6/30/2003,-0.013461584,-0.028751899,0.100902677,0.021858916,-0.000480318,0.000984
7/31/2003,-0.009189585,-0.009587324,-0.023133261,0.041736569,0.196059585,0.000674
8/29/2003,0.066610418,-0.006600681,-0.098621115,0.058307964,0.149457648,0.000689
9/30/2003,-0.029177779,0.063352033,0.015374301,-0.05610951,-0.037425663,0.000865
10/31/2003,-0.000546356,0.063833237,0.040158041,0.057117321,0.197311059,0.0007
11/28/2003,-0.003553884,-0.02085668,0.067088582,-0.0561493,0.018512903,0.000725
12/31/2003,0.132596657,0.037822105,0.052427828,-0.044931706,-0.044424616,0.000831
1/30/2004,-0.005121929,0.016569931,0.036795899,0.015080099,-0.047737874,0.000696
2/27/2004,0.039960705,0.014147213,0.005187017,0.106035337,-0.041939702,0.000623
3/31/2004,-0.013753807,0.023119647,-0.043656267,0.004365299,-0.06849315,0.000844
4/30/2004,0.02308245,0.013062574,0.02025675,-0.045066152,-0.054044161,0.000795
5/28/2004,0.022796728,0.019574465,-0.006991,-0.020000009,0.111154288,0.000603
6/30/2004,0.026820805,0.009831177,-0.02999438,-0.053292684,-0.033274919,0.000817
7/30/2004,0.04255797,-0.037472393,-0.067677937,0.004738438,-0.116666712,0.000919
8/31/2004,0.001511863,0.073250234,0.02753439,-0.00396152,-0.125102475,0.001116
9/30/2004,0.048373178,-0.033053461,-0.063360818,0.010062704,-0.057773668,0.001185
10/29/2004,0.018415051,-0.049704336,-0.053921554,0.013533786,0.109671026,0.001129
11/30/2004,0.046728946,0.044939414,-0.034887746,-0.034495492,0.007187732,0.001541
12/31/2004,0.000195089,0.029917769,-0.03168891,0.017095625,0.045129593,0.001672
1/31/2005,0.006632855,-0.029048696,-0.101524718,-0.007951499,-0.040188055,0.001661
2/28/2005,0.232170612,-0.002630084,0.096026532,-0.015076353,0.072160311,0.001641
3/31/2005,-0.058600582,-0.001695237,-0.000760763,-0.026157722,-0.031679876,0.002123
4/29/2005,-0.043120801,0.02698116,0.034259595,-0.059269629,0.012483897,0.002072
5/31/2005,-0.009468666,0.01846722,0.033860859,0.005091221,0.149659798,0.002395
6/30/2005,0.022597872,-0.043517705,-0.011469523,0.02053782,-0.034866419,0.002263
7/29/2005,0.022272468,0.059905235,-0.03915881,0.023858873,0.04304377,0.002383
8/31/2005,0.024510665,-0.002696414,-0.031320773,-0.085916907,-0.049373623,0.00292
9/30/2005,0.060767934,0.071737558,-0.020015707,-0.025355859,-0.041601855,0.002848
10/31/2005,-0.116462097,-0.05364947,-0.129355207,0.079644039,-0.046653129,0.002728
11/30/2005,0.038831484,0.021432344,-0.016099311,0.026421474,0.138723418,0.003045
12/30/2005,-0.032052398,0.012065089,0.099999949,-0.033154901,-0.06446781,0.00316
1/31/2006,0.117144421,0.028161688,0.101200715,-0.014743561,-0.1484375,0.003488
2/28/2006,-0.048764959,0.011818348,0.029205617,-0.016265452,-0.026111446,0.003322
3/31/2006,0.025096878,-0.038378093,-0.048491806,0.04513891,-0.055339869,0.003642
4/28/2006,0.036477182,0.015443311,0.016452642,-0.046782449,0.026721505,0.003559
5/31/2006,-0.029327868,-0.06802953,-0.0564548,0.079669155,-0.093093053,0.004195
6/30/2006,0.00722375,0.024884764,-0.008030454,-0.005779207,0.054383989,0.00397
7/31/2006,0.104156472,0.016366947,0.107371137,-0.076188467,-0.052631579,0.003976
8/31/2006,0.003690586,0.101423502,0.069642156,0.008707893,0.092777759,0.004283
9/29/2006,-0.008423226,0.001292375,0.029027618,0.102862217,0.051098622,0.004047
10/31/2006,0.064381517,0.027750885,-0.060296226,-0.000811049,0.037433177,0.004076
11/30/2006,0.079949588,-0.009465192,0.040525336,-0.064529225,0.007263369,0.004243
12/29/2006,-0.002343449,0.023570564,-0.057839219,0.005368804,-0.053517196,0.004036
1/31/2007,-0.033015776,0.014159112,0.013127419,0.032698102,0.035061684,0.004328
2/28/2007,-0.028340057,-0.021273332,-0.037728686,0.013000687,-0.047113478,0.003837
3/30/2007,0.052594818,-0.005197698,0.012019277,-0.023597611,-0.036757372,0.004257
4/30/2007,0.052087482,0.025174187,0.047505893,0.020660222,0.12388923,0.004348
5/31/2007,0.052154209,-0.013198793,0.049886648,-0.002086805,0.036855776,0.004046
6/29/2007,0.008536722,-0.037136123,-0.069843583,0.010714331,0.070334017,0.003918
7/31/2007,0.014902242,0.016669422,-0.080563143,-0.044897106,-0.005050558,0.003962
8/31/2007,0.011159475,0.055771045,0.068906844,-0.045701843,0.094940692,0.004205
9/28/2007,0.079668656,0.077017285,-0.016505631,0.000458411,0.004271868,0.003347
10/31/2007,-0.006158165,-0.006681827,0.007368003,0.035738774,0.040216513,0.003212
11/30/2007,-0.026959389,0.064441942,-0.022754993,0.059500165,-0.026301105,0.003395
12/31/2007,0.050807521,-0.007837863,-0.043350197,-0.003131581,0.02223926,0.002921
1/31/2008,-0.077809803,-0.104195043,0.027716722,0.067536354,-0.208552122,0.00243
2/29/2008,0.011111118,0.011617275,-0.032534242,-0.022664594,-0.047516599,0.001325
3/31/2008,-0.027927827,0.058779079,-0.060592476,0.067100227,0.060596205,0.001869
4/30/2008,0.100378312,-0.037391134,-0.039178196,0.100607425,0.050991498,0.001025
5/30/2008,-0.042011362,-0.014914243,-0.021382397,-0.000043082,0.047619052,0.000946
6/30/2008,-0.007097847,-0.079333857,-0.097624034,-0.0266713,-0.07333912,0.00175
7/31/2008,-0.087370895,0.083374478,0.068689227,0.043060467,0.03305405,0.00144
8/29/2008,-0.000248641,0.065516084,0.040707044,0.011728092,0.036953595,0.001282
9/30/2008,-0.029371308,-0.001146542,-0.035060182,0.01388183,-0.181023225,0.00153
10/31/2008,-0.045583323,-0.068159007,-0.03958793,-0.068124861,-0.144100338,0.000792
11/28/2008,0.086751193,-0.002943949,-0.054206599,0.00125425,-0.130434781,0.000228
12/31/2008,-0.00399251,-0.039316222,0.077906191,0.007471372,0.062318813,0.000029
1/30/2009,-0.041964155,-0.111937881,-0.176736265,-0.159472033,-0.120054588,0.000023
2/27/2009,-0.106956087,-0.116146825,-0.133744821,0.044991571,-0.001550376,0.000147
3/31/2009,0.002945463,-0.022420553,0.106417499,0.063616909,0.179748818,0.000159
4/30/2009,-0.020998536,0.059248216,-0.019089591,-0.032629501,0.0499002,0.000125
5/29/2009,0.04649768,0.050566345,0.148952097,-0.007688489,0.005069742,0.000017
6/30/2009,0.008075057,-0.01617251,-0.012508201,-0.026135968,0.052798916,0.000075
7/31/2009,0.006865909,0.09491194,0.062000021,0.029727548,0.16314204,0.000119
8/31/2009,-0.011649352,-0.02522064,0.05838044,0.025310703,0.062857129,0.000116
9/30/2009,-0.007809123,0.070412077,-0.008982127,-0.03499113,-0.03690945,0.000079
10/30/2009,0.044599876,0.008977933,0.02900311,0.012018744,-0.023505319,0.00004
11/30/2009,0.05329987,0.074999973,0.07633584,0.098027356,0.012035592,0.000004
12/31/2009,-0.091647759,-0.027586166,0.001100741,-0.015169541,0.062499937,0.000062
1/29/2010,-0.055140078,0.022431109,0.025838334,-0.00037419,-0.049019609,0.000028
2/26/2010,0.015365508,0.028107222,-0.049839262,0.011978278,0.066366039,0.00001
3/31/2010,0.030461591,-0.000158001,-0.022792002,0.033891231,0.085728213,0.000068
4/30/2010,0.011794465,-0.009928886,-0.025072904,-0.035251781,0.024674706,0.000111
5/28/2010,-0.101372257,-0.017213637,-0.07834927,-0.051780351,-0.055275835,0.000112
6/30/2010,-0.056070119,-0.018169923,-0.063690044,-0.04924845,-0.091970086,0.000127
7/30/2010,0.045733321,0.027705908,0.051893391,0.064905323,0.059125941,0.000142
8/31/2010,-0.002178279,-0.024362355,0.07266666,-0.014602447,-0.134830073,0.000126
9/30/2010,0.045339204,0.005027703,0.079195492,0.067411274,0.086894974,0.000125
10/29/2010,0.076064035,0.068064004,0.014269123,0.012144949,0.044270754,0.000112
11/30/2010,0.052789889,-0.039326727,-0.053689443,-0.001476796,0.063092276,0.000114
12/31/2010,0.051178914,0.053381402,0.074233197,0.002634501,-0.006026167,0.00014
1/31/2011,0.103391647,-0.011164321,0.040548205,0.039681055,0.020446904,0.000066
2/28/2011,0.065567657,-0.001267255,0.066959411,-0.072944537,0.00890961,0.000122
3/31/2011,-0.016368544,-0.022997633,0.055613291,0.008368597,-0.060083795,0.000067
4/29/2011,0.045762584,0.062094208,0.0324963,0.056292035,0.147175387,0.000053
5/31/2011,-0.045919549,0.032357451,0.032427348,0.011004033,-0.019818548,0.000013
6/30/2011,-0.025038984,-0.051194035,-0.039627057,-0.037667543,-0.015548662,0.000035
7/29/2011,-0.019537926,-0.024461193,-0.065582514,-0.008091839,0.007671484,-0.000028
8/31/2011,-0.066424415,0.035615522,-0.003584654,0.016031105,-0.08911781,0.000083
9/30/2011,-0.0187787,-0.007851759,-0.068493113,-0.024252625,0.059860904,-0.000001
10/31/2011,0.075175539,0.021130126,0.089366511,0.092870899,0.150222734,0.000014
11/30/2011,0.036112256,0.009063885,0.052440263,0.03843442,0.023634838,0.000004
12/30/2011,0.053704619,0.033142317,0.078226194,0.020797908,-0.026495377,0
1/31/2012,-0.012034029,-0.047144331,-0.011090563,0.026773801,0.089484543,-0.000002
2/29/2012,0.038571797,0.07265231,-0.002570076,-0.037157737,0.025359541,0.000031
3/30/2012,0.002658998,-0.006063349,0.071952686,0.042611692,0.045944966,0.000046
4/30/2012,-0.004496795,-0.044755243,0.011260726,-0.037418313,0.009959121,0.000029
5/31/2012,-0.082696311,-0.021213049,-0.035371125,0.124045148,-0.08258497,0.000065
6/29/2012,0.088261515,-0.016696114,0.051668912,0.05925253,0.031346727,0.000022
7/31/2012,0.014958499,0.062889807,0.045217432,0.067555927,-0.035647236,0.000032
8/31/2012,0.01174444,0.041059829,0.001663881,-0.019246297,-0.025097309,0.00005
9/28/2012,0.047537155,0.032296445,0.041492026,0.016528988,-0.087595619,0.000067
10/31/2012,-0.003061769,0.006372509,0.000804847,0.016531078,-0.045243941,0.000037
11/30/2012,-0.026982548,0.008521143,0.014877346,-0.039989337,-0.085066974,0.000085
12/31/2012,-0.018039441,-0.02778179,0.002370083,-0.04710488,0.053922836,0.000103
1/31/2013,0.039514709,0.115363151,0.097319335,0.025208756,0.020368578,0.000022
2/28/2013,0.001667243,0.013571003,0.003299126,0.011865645,0.00308927,0.000054
3/28/2013,0.006253462,0.011551552,0.054439157,0.063859895,0.045737546,0.000041
4/30/2013,-0.012429284,0.004042292,0.007276475,0.038620863,0.096862912,0.000037
5/31/2013,0.023710568,-0.000130188,-0.055039566,-0.031008812,0.023173273,0.000012
6/28/2013,-0.001326437,0.002996297,0.028644903,-0.004676623,-0.002059355,0.000013
7/31/2013,0.037631452,0.050805368,0.052124217,0.046315003,-0.036937699,0.000009
8/30/2013,-0.063573293,-0.030012498,-0.03489567,-0.057608403,-0.048425093,0.000009
9/30/2013,-0.012849962,-0.029528862,0.018255984,0.013428277,0.042811647,0.000008
10/31/2013,0.041608576,0.076220453,0.068233214,0.037723105,0.06757994,0.000017
11/29/2013,0.050100431,0.042972151,0.041877143,0.055504914,-0.016550845,0.000032
12/31/2013,0.082584441,-0.033364967,-0.034667518,-0.022836683,0.088716432,0.000023
1/31/2014,-0.089327998,-0.051449463,-0.007508963,-0.050959487,-0.054517396,0.000012
2/28/2014,0.051432215,0.026624912,0.064802662,0.000267764,0.018133631,0.000045
3/31/2014,0.014646346,0.02466304,0.000311377,0.029585052,0.042568617,0.000028
4/30/2014,0.048423458,0.032178719,-0.026151877,0.042915069,0.033935126,0.000015
5/30/2014,-0.011620007,-0.021320436,-0.04443739,-0.030861905,0.032034438,0.000008
6/30/2014,0.001492107,-0.027231149,0.001687518,-0.022144027,0.13103953,0.00002
7/31/2014,-0.017282458,-0.007970437,-0.024258744,-0.019848114,0.096763745,0.000013
8/29/2014,0.0122296,0.07488361,0.024041763,0.032617532,0.037031539,0.000003
9/30/2014,-0.054393686,0.007580282,0.006124543,0.012847698,-0.002863645,0.000004
10/31/2014,0.028282786,0.049839966,0.012850898,-0.002615465,-0.023262532,0.000012
11/28/2014,-0.056664236,0.036209509,0.048747875,0.147764578,0.101881854,-0.000001
12/31/2014,0.021095604,0.007298419,0,-0.013479594,-0.025771787,0.000005
1/30/2015,-0.054407775,-0.067585856,0.003210285,-0.010479668,-0.089556351,0.000013
2/27/2015,0.020704675,0.009965551,0.107199989,-0.012355884,0.013619826,-0.000021
3/31/2015,-0.039981939,-0.037472043,0.013694675,-0.014178486,-0.059548859,-0.000008
4/30/2015,0.027882386,-0.021565784,-0.024719764,-0.051063791,0.040933762,0.000029
5/29/2015,-0.016481696,-0.014086313,0.032419678,-0.042152546,0.066052221,-0.000005
6/30/2015,-0.023474179,-0.001913529,-0.035107948,-0.044971004,-0.117382422,0.000004
7/31/2015,-0.047956705,-0.01121039,0.075454898,0.01480337,-0.048167028,-0.000037
8/31/2015,-0.040903941,-0.078617983,-0.09872435,-0.093914971,-0.005872188,0.000027
9/30/2015,-0.011828806,0.017970912,-0.025139706,0.001699258,0.056061614,-0.000006
10/30/2015,0.112844646,0.070932649,0.076727152,-0.117211521,0.123424061,-0.000027
11/30/2015,-0.004230048,-0.020162359,-0.02276757,0.027952453,0.033963375,0.00002
12/31/2015,-0.045432359,0.061063703,-0.014952752,0.050135948,-0.009203327,0.000103
1/29/2016,-0.001282854,0.037059546,-0.055452265,0.082544886,-0.09956459,0.000037
2/29/2016,0.038921043,-0.017137978,-0.017054763,-0.000301451,-0.037717611,0.000205
3/31/2016,0.042919461,0.025158757,-0.001011146,0.039945759,0.093274698,0.00019
4/29/2016,0.057542834,-0.018472783,0.103576243,-0.023653017,-0.063987568,0.000051
5/31/2016,0.015497682,0.011482753,0.070009224,0.065948792,0.051849388,0.000115
6/30/2016,0.053021807,0.04479266,0.014697358,0.031647328,0.03830323,0.000188
7/29/2016,-0.051098794,0.018772861,0.047713727,-0.000684681,0.062804922,0.000171
8/31/2016,-0.01191678,0.020095821,-0.04852264,-0.014115373,0.037005126,0.000165
9/30/2016,0.001606603,0.027946427,-0.026724147,0.009518481,0.051825039,0.000219
10/31/2016,-0.045371208,-0.025409438,-0.063773245,-0.029118219,-0.07629142,0.000168
11/30/2016,0.056769125,-0.050000045,0.023021139,0.005855523,0.002581068,0.000136
12/30/2016,0.033906061,0.019645922,0.010578723,-0.011500746,0.045244947,0.000239
1/31/2017,-0.070573926,0.049827505,-0.023091134,-0.03443294,0.015164026,0.000358
2/28/2017,-0.021695074,0.039611887,0.085408114,0.062780976,-0.009777267,0.000364
3/31/2017,0.008485028,-0.013396302,0.002637754,0.023403376,-0.00359119,0.000353
4/28/2017,-0.004389716,-0.020371694,-0.008477081,0.043007746,0.00221796,0.000537
5/31/2017,-0.00465403,0.008702559,-0.028006978,0.052274518,0.00643151,0.000614
6/30/2017,0.002857185,-0.010670846,0.028790155,-0.037150104,-0.065632761,0.000617
7/31/2017,-0.008547039,0.050024074,-0.012801438,0.056950286,0.051274434,0.000722
8/31/2017,-0.036731623,0.015965613,0.032569312,-0.017627181,-0.00359463,0.000827
9/29/2017,0.074020721,-0.013980636,0.052476496,0.000896627,0.085828409,0.000944
10/31/2017,0.016711332,-0.043420609,-0.017927153,0.117353447,0.19459033,0.00084
11/30/2017,0.008518325,0.042274747,0.043354161,0.11361821,-0.00829856,0.000826
12/29/2017,0.004202167,0.021002328,-0.001103064,0.020878294,0.029437995,0.000884
1/31/2018,0.043759011,-0.052790608,0.022639416,0.079493657,0.04289427,0.001121
2/28/2018,-0.123596847,-0.090572156,-0.010529145,-0.155628487,0.030120514,0.001073
3/29/2018,-0.014919425,0.00967909,-0.0225833,-0.005777146,0.056603789,0.000261
4/30/2018,0.042085502,-0.078491457,0.031558152,-0.005732293,-0.00883262,0.001433
5/31/2018,0.055434056,0.011473623,-0.009287088,-0.061044522,0.075164706,0.001401
6/29/2018,0.018340787,0.066830665,0.009741121,0.037678707,-0.099456549,0.001408
7/31/2018,-0.014746781,0.045313857,0.100606441,0.041798037,-0.032387864,0.001558
8/31/2018,-0.006379634,0.025593469,0.048334587,0.080129966,0.013097752,0.001575
9/28/2018,0.060496427,0.003375605,0.061416168,-0.020342134,-0.023539117,0.00149
10/31/2018,-0.062808707,0.074098244,-0.022918047,0.067830846,-0.008669905,0.00189
11/30/2018,0.008032124,0.065742016,0.08151412,-0.026226539,0.058233794,0.001795
12/31/2018,-0.142264113,-0.027404549,-0.055807874,-0.040757809,-0.04826609,0.00193
1/31/2019,0.07464432,0.057302035,-0.019244002,0.028770803,0.004048554,0.00192
2/28/2019,0.089656115,0.021561125,0.021201359,0.032975018,0.130623952,0.001809
3/29/2019,0.022396613,0.055809233,-0.020299822,-0.009394879,0.013972841,0.001935
4/30/2019,-0.006435696,0.030522827,-0.043795634,0.05444476,-0.049534447,0.002125
5/31/2019,-0.107623346,-0.033527419,0.031273082,-0.008459684,-0.130975708,0.001983
6/28/2019,0.082803458,0.065494098,0.043352582,0.089215249,0.086966351,0.001853
7/31/2019,-0.029622821,0.083318733,-0.103416428,-0.000995571,0.055984966,0.001783
8/30/2019,-0.067374893,0.018553054,-0.075437717,0.039952934,-0.055885252,0.001908
9/30/2019,0.03110393,0.034517124,0.010689201,0.038683686,0.086901478,0.001787
10/31/2019,-0.043053403,0.007042168,0.067909785,-0.011964932,0.097030856,0.001531
11/29/2019,0.021163203,-0.019677171,0.013291675,0.015606295,0.032460649,0.001197
12/31/2019,0.024218429,0.023267278,0.017133953,0.002351163,0.031007739,0.001431
